index,axis-0,axis-1
0.0,594.5686589357504,937.536200345363
1.0,255.43064430299006,869.3840634335164
2.0,180.0949690877863,969.6578214704725
